,RMSE,MAE,MAPE,Directional_Accuracy,Variance_Ratio
SARIMAX,0.012315022978922686,0.00840573303983677,115.8993384936297,73.71744277821625,0.00014327318605853335
VAR_Price,162.56152675860304,131.47589922010124,29.725509317137067,56.08214849921011,1.1543333379689987e-06
XGBoost,0.012421642632309144,0.008611528929655353,157.58185805051795,54.85398579321231,0.04498089098663975
